Pincode,City
110058,New Delhi
110075,New Delhi
500034,Hyderabad
500036,Hyderabad
560103,Bengaluru
600029,Chennai
600045,Chennai
700019,Kolkata
700028,Kolkata
110057,New Delhi
122001,Gurugram
122002,Gurugram
400050,Mumbai
400601,Thane
400703,Navi Mumbai
500049,Hyderabad
500072,Hyderabad
560075,Bengaluru
560076,Bengaluru
140603,Mohali
201301,Noida
400068,Mumbai
400080,Mumbai
500018,Hyderabad
560064,Bengaluru
700054,Kolkata
110048,New Delhi
122003,Gurugram
201010,Ghaziabad
500089,Hyderabad
500096,Hyderabad
560016,Bengaluru
560061,Bengaluru
560093,Bengaluru
140055,Mohali
160002,Chandigarh
201012,Ghaziabad
400014,Mumbai
400066,Mumbai
500100,Hyderabad
600087,Chennai
201309,Noida
700099,Kolkata
201019,Ghaziabad
700014,Kolkata
600012,Chennai
110027,New Delhi
380005,Ahmedabad
380008,Ahmedabad
380013,Ahmedabad
380015,Ahmedabad
380054,Ahmedabad
411001,Pune
411007,Pune
411012,Pune
411014,Pune
411028,Pune